Step,Timings
Frame Retrieval,0.008477926254272461
Depth Retrieval,0.0027306079864501953
Point Cloud Processing,7.418889045715332
YOLO11 Inference,0.8816344738006592
Mask Processing,0.2070467472076416
Point Cloud Fusion,0.0009660720825195312
Point Cloud Subtraction,4.509740829467773
Total Time per Iteration,13.044276258468628
